{
  "infoWindowField": {
    "temp1": {
      "id":"modbusAhu2_temp1",
      "label": "温度_1",
      "value": "℃"
    },
    "temp2": {
      "id":"modbusAhu2_temp2",

      "label": "温度_2",
      "value": "℃"
    },
    "temp3": {
      "id":"modbusAhu2_temp3",
      "label": "温度_3",
      "value": "℃"
    },
    "temp4": {
      "id":"modbusAhu2_temp4",
      "label": "温度_4",
      "value": "℃"
    },
    "temp5": {
      "id":"modbusAhu2_temp5",
      "label": "温度_5",
      "value": "℃"
    },
    "temp6": {
      "id":"modbusAhu2_temp6",
      "label": "温度_6",
      "value": "℃"
    },
    "temp7": {
      "id":"modbusAhu2_temp7",
      "label": "温度_7",
      "value": "℃"
    }
   
    
    
   
  }
}