{
  "ModbusBms3f1":{
    "PF4-1":48,
    "PF4-2":49,
    "PF4-3":50, 
    "PF4-11":51
  },
  "ModbusBms3f2":{ 
    "PF4-5":53, 
    "PF4-6":54,
     "PF4-7":55, 
    "BF2-2":53
},
"ModbusBms3f3":{ 
  "PF4-12":52, 
"PF4-13":53, 
  "PF4-15":54, 
  "PF4-16":55
  
},
"ModbusBms3f4":{ 
  "PF4-14":55, 
  "PF4-17":56, "PF4-18":57, 
  "PF4-19":58, 
  "PF4-20":59, 
  "PF4-21":60, 
  "PF4-22":61, 
  "PF4-23":62
},

"ModbusBms3f5":{ 
  "PF3-1":26, "PF3-2":27, "PF3-3":28, "PF3-8":29, "PF3-9":30
},

"ModbusBms3f7":{ 
  "PF3-4":26, 
  "PF3-5":27, 
  "PF3-6":28, 
  "PF3-7":29, 
  "PF3-10":30, 
  "PF3-11":31, 
  "PF3-12":32, 
  "PF3-13":33
},

"ModbusBms4f2":{ 
  "PF4-4":84
, "PF4-9":85, "PF4-10":86, "PF9-1":87,
   "PF9-2":88
}

  
}