{

  "3-3-0":{
      "swtich":4088,
      "model":4288,
      "fengliang":116
  },
  "3-3-1":{
    "swtich":4088,
    "model":4288,
    "fengliang":116
},
"3-3-2":{
  "swtich":4088,
  "model":4288,
  "fengliang":116
},
"3-3-3":{
  "swtich":4088,
  "model":4288,
  "fengliang":116
},
"3-3-4":{
  "swtich":4088,
  "model":4288,
  "fengliang":116
},
"3-3-5":{
  "swtich":4088,
  "model":4288,
  "fengliang":116
},
"3-3-6":{
  "swtich":4088,
  "model":4288,
  "fengliang":116
},
"3-3-7":{
  "swtich":4088,
  "model":4288,
  "fengliang":116
},
"3-3-8":{
  "swtich":4088,
  "model":4288,
  "fengliang":116
}












}